,Height,Weight,Age,Grip strength,Frailty
count,9.0,9.0,9.0,9.0,9.0
mean,68.9111111111111,134.11111111111111,32.77777777777778,25.555555555555557,0.4444444444444444
std,1.4321700705960552,13.14766561451542,13.608616551451673,4.558264777059114,0.5270462766947299
min,66.8,112.0,17.0,19.0,0.0
25%,67.9,123.0,22.0,22.0,0.0
50%,68.7,136.0,29.0,26.0,0.0
75%,69.8,142.0,45.0,29.0,1.0
max,71.5,153.0,51.0,31.0,1.0
