Statistic,Bootstrap,Population
Mean,69.15222666666666,69.10546875
Standard Deviation,19.192792750902832,19.355807170644777
Percentile,71.483,72.0
